{
  "itens": [
    {
      "id": 1,
      "titulo": "Projeto de Robótica 2023",
      "descricao": "Robô construído pelos alunos do 9º ano para competição regional de robótica educacional.",
      "categoria": "Projetos",
      "ano": 2023,
      "foto": "https://via.placeholder.com/400x300?text=Robótica+2023",
      "colecao": "Tecnologia"
    },
    {
      "id": 2,
      "titulo": "Fotografia Histórica da Escola",
      "descricao": "Fotografia da primeira turma de formandos da escola, tirada em 1985.",
      "categoria": "Fotografias",
      "ano": 1985,
      "foto": "https://via.placeholder.com/400x300?text=Foto+Histórica+1985",
      "colecao": "História"
    },
    {
      "id": 3,
      "titulo": "Maquete do Sistema Solar",
      "descricao": "Maquete detalhada do sistema solar criada pelos alunos do 6º ano para a feira de ciências.",
      "categoria": "Projetos",
      "ano": 2024,
      "foto": "https://via.placeholder.com/400x300?text=Sistema+Solar",
      "colecao": "Ciências"
    },
    {
      "id": 4,
      "titulo": "Troféu de Atletismo",
      "descricao": "Troféu conquistado pela equipa de atletismo nos campeonatos regionais de 2022.",
      "categoria": "Peças Históricas",
      "ano": 2022,
      "foto": "https://via.placeholder.com/400x300?text=Troféu+Atletismo",
      "colecao": "Desporto"
    },
    {
      "titulo": "joao",
      "descricao": "Tudo o que eu quero",
      "categoria": "Peças Históricas",
      "ano": 2024,
      "foto": "https://images.unsplash.com/photo-1678483790053-71367bc7a02c?fm=jpg&q=60&w=3000&ixlib=rb-4.1.0&ixid=M3wxMjA3fDB8MHxwaG90by1yZWxhdGVkfDE1fHx8ZW58MHx8fHx8",
      "colecao": "Tecnologia",
      "id": 8
    }
  ],
  "colecoes": [
    {
      "id": 1,
      "nome": "Tecnologia",
      "descricao": "Projetos relacionados com tecnologia e inovação",
      "cor": "#4A90E2"
    },
    {
      "id": 2,
      "nome": "História",
      "descricao": "Documentos e fotografias históricas da escola",
      "cor": "#8B4513"
    },
    {
      "id": 3,
      "nome": "Ciências",
      "descricao": "Projetos científicos e experimentos",
      "cor": "#2ECC71"
    },
    {
      "id": 4,
      "nome": "Desporto",
      "descricao": "Troféus e recordações desportivas",
      "cor": "#E74C3C"
    },
    {
      "id": 5,
      "nome": "Artes",
      "descricao": "Obras de arte e projetos artísticos",
      "cor": "#9B59B6"
    },
    {
      "nome": "Terror",
      "descricao": "Teste",
      "cor": "#0a0a0a",
      "id": 6
    }
  ]
}